{"cameraMode":{"drawMode":0,"name":"Shaded","section":"Shading Mode"},"sceneLighting":false,"audioPlay":false,"sceneViewState":{"m_AlwaysRefresh":false,"showFog":true,"showSkybox":false,"showFlares":true,"showImageEffects":true,"showParticleSystems":true,"showVisualEffectGraphs":true,"m_FxEnabled":true},"in2DMode":false,"pivot":{"x":0.0475427508354187,"y":1.9617729187011719,"z":0.7897485494613648},"rotation":{"x":0.0990326777100563,"y":-0.11763341724872589,"z":0.011790548451244831,"w":0.9880370497703552},"size":2.8139638900756838,"orthographic":true}